display_status,product_id,parent_product_id,product_name,sku,variant_options,price,currency,quantity_available,stock_availability_status,restock_threshold,product_type,product_url_slug,product_short_description,product_description,product_images,meta_title,meta_description,primary_keyword,image_alt_text,product_rating,review_count,discount_price,cost_price,return_policy,product_dimensions,product_weight,stock_location,supplier_name,additional_details,shipping_cost,shipping_time_eta,shipping_regions
Draft,ls001,,lampshades_1,ls-001,,23.04,INR,39,In Stock,8,lampshades,lampshades-1,High quality lampshades,High quality lampshades with multiple variants.,https://placehold.co/600x600?text=ls001+1 | https://placehold.co/600x600?text=ls001+2 | https://placehold.co/600x600?text=ls001+3 | https://placehold.co/600x600?text=ls001+4 | https://placehold.co/600x600?text=ls001+5,Lampshades Product,Buy premium lampshades online,lampshades,lampshades image,4.7,33,,17.87,30 day return,10 x 18 x 3 in,3.63 lb,Jamarko Retail Store B,Jamarko,- Material: metal - Dimensions: 17 x 18 x 3 in - Weight: 1.82 lb - High-quality lampshades product,3.57,7 days,Nepal
PreOrder,ls001-striped,ls001,lampshades_1,ls-001-striped,pattern:striped,24.51,INR,12,In Stock,3,lampshades,lampshades-1-striped,High quality lampshades,High quality lampshades with multiple variants.,https://placehold.co/600x600?text=ls001-striped+1 | https://placehold.co/600x600?text=ls001-striped+2,Lampshades Product,Buy premium lampshades online,lampshades,lampshades image,4.6,137,,12.65,30 day return,12 x 9 x 9 in,12.78 lb,Jamarko Retail Store B,Jamarko,- Material: metal - Dimensions: 5 x 8 x 7 in - Weight: 8.83 lb - Options: pattern:striped - High-quality lampshades product,3.57,7 days,Nepal
Draft,ls001-floral,ls001,lampshades_1,ls-001-floral,pattern:floral,22.95,INR,18,In Stock,,lampshades,lampshades-1-floral,High quality lampshades,High quality lampshades with multiple variants.,https://placehold.co/600x600?text=ls001-floral+1 | https://placehold.co/600x600?text=ls001-floral+2 | https://placehold.co/600x600?text=ls001-floral+3,Lampshades Product,Buy premium lampshades online,lampshades,lampshades image,4.7,243,,12.56,30 day return,20 x 12 x 6 in,4.25 lb,Jamarko Retail Store B,Jamarko,- Material: fabric - Dimensions: 9 x 6 x 2 in - Weight: 3.34 lb - Options: pattern:floral - High-quality lampshades product,3.57,7 days,Nepal
Draft,ls001-geometric,ls001,lampshades_1,ls-001-geometric,pattern:geometric,21.18,INR,9,In Stock,1,lampshades,lampshades-1-geometric,High quality lampshades,High quality lampshades with multiple variants.,https://placehold.co/600x600?text=ls001-geometric+1 | https://placehold.co/600x600?text=ls001-geometric+2,Lampshades Product,Buy premium lampshades online,lampshades,lampshades image,4.3,67,,15.99,30 day return,10 x 9 x 8 in,1.49 lb,Jamarko Retail Store B,Jamarko,- Material: fabric - Dimensions: 17 x 17 x 2 in - Weight: 13.94 lb - Options: pattern:geometric - High-quality lampshades product,3.57,7 days,Nepal
Archived,jb002,,jewelry_boxes_2,jb-002,,4.47,INR,0,Backorder,,jewelry_boxes,jewelry-boxes-2,High quality jewelry boxes,High quality jewelry boxes with multiple variants.,https://placehold.co/600x600?text=jb002+1 | https://placehold.co/600x600?text=jb002+2,Jewelry_Boxes Product,Buy premium jewelry_boxes online,jewelry_boxes,jewelry_boxes image,4.7,175,,2.82,30 day return,4 x 18 x 4 in,3.3 lb,Jamarko Retail Store A,Jamarko,- Material: leather - Dimensions: 11 x 18 x 4 in - Weight: 1.99 lb - High-quality jewelry boxes product,9.82,13 days,Nepal
PreOrder,bag003,,paper_bags_3,bag-003,,5,NPR,39,In Stock,9,paper_bags,paper-bags-3,High quality paper bags,High quality paper bags with multiple variants.,https://placehold.co/600x600?text=bag003+1 | https://placehold.co/600x600?text=bag003+2 | https://placehold.co/600x600?text=bag003+3 | https://placehold.co/600x600?text=bag003+4 | https://placehold.co/600x600?text=bag003+5,Paper_Bags Product,Buy premium paper_bags online,paper_bags,paper_bags image,4.9,156,,3.99,30 day return,15 x 10 x 7 in,1.74 lb,Jamarko Retail Store A,Jamarko,- Material: leather - Dimensions: 10 x 8 x 5 in - Weight: 7.69 lb - High-quality paper bags product,3.27,6 days,Nepal
PreOrder,bag003-a5-wood,bag003,paper_bags_3,bag-003-a5-wood,size:a5 | material:wood,4.96,NPR,17,In Stock,5,paper_bags,paper-bags-3-a5-wood,High quality paper bags,High quality paper bags with multiple variants.,https://placehold.co/600x600?text=bag003-a5-wood+1 | https://placehold.co/600x600?text=bag003-a5-wood+2,Paper_Bags Product,Buy premium paper_bags online,paper_bags,paper_bags image,4.7,231,,3.3,30 day return,3 x 15 x 4 in,13.8 lb,Jamarko Retail Store B,Jamarko,- Material: fabric - Dimensions: 18 x 16 x 2 in - Weight: 8.74 lb - Options: size:a5 | material:wood - High-quality paper bags product,3.27,6 days,Nepal
Unpublished,bag003-medium-leather,bag003,paper_bags_3,bag-003-medium-leather,size:medium | material:leather,5.55,NPR,3,In Stock,1,paper_bags,paper-bags-3-medium-leather,High quality paper bags,High quality paper bags with multiple variants.,https://placehold.co/600x600?text=bag003-medium-leather+1 | https://placehold.co/600x600?text=bag003-medium-leather+2 | https://placehold.co/600x600?text=bag003-medium-leather+3 | https://placehold.co/600x600?text=bag003-medium-leather+4,Paper_Bags Product,Buy premium paper_bags online,paper_bags,paper_bags image,4.7,132,,4.26,30 day return,7 x 18 x 3 in,3.59 lb,Jamarko Retail Store B,Jamarko,- Material: wood - Dimensions: 7 x 19 x 2 in - Weight: 8.0 lb - Options: size:medium | material:leather - High-quality paper bags product,3.27,6 days,Nepal
OutOfStock,bag003-a4-fabric,bag003,paper_bags_3,bag-003-a4-fabric,size:a4 | material:fabric,5.09,NPR,19,In Stock,4,paper_bags,paper-bags-3-a4-fabric,High quality paper bags,High quality paper bags with multiple variants.,https://placehold.co/600x600?text=bag003-a4-fabric+1 | https://placehold.co/600x600?text=bag003-a4-fabric+2,Paper_Bags Product,Buy premium paper_bags online,paper_bags,paper_bags image,4.8,253,,2.93,30 day return,14 x 11 x 5 in,14.43 lb,Jamarko Retail Store A,Jamarko,- Material: metal - Dimensions: 7 x 4 x 3 in - Weight: 13.93 lb - Options: size:a4 | material:fabric - High-quality paper bags product,3.27,6 days,Nepal
ComingSoon,bx004,,boxes_4,bx-004,,20.54,NPR,19,In Stock,7,boxes,boxes-4,High quality boxes,High quality boxes with multiple variants.,https://placehold.co/600x600?text=bx004+1 | https://placehold.co/600x600?text=bx004+2 | https://placehold.co/600x600?text=bx004+3,Boxes Product,Buy premium boxes online,boxes,boxes image,4.4,54,,14.34,30 day return,8 x 11 x 8 in,7.41 lb,Jamarko Warehouse,Jamarko,- Material: metal - Dimensions: 7 x 3 x 2 in - Weight: 1.51 lb - High-quality boxes product,9.36,4 days,Nepal
Draft,bx004-fabric-glossy,bx004,boxes_4,bx-004-fabric-glossy,material:fabric | finish:glossy,21.1,NPR,10,In Stock,3,boxes,boxes-4-fabric-glossy,High quality boxes,High quality boxes with multiple variants.,https://placehold.co/600x600?text=bx004-fabric-glossy+1 | https://placehold.co/600x600?text=bx004-fabric-glossy+2 | https://placehold.co/600x600?text=bx004-fabric-glossy+3 | https://placehold.co/600x600?text=bx004-fabric-glossy+4,Boxes Product,Buy premium boxes online,boxes,boxes image,4.8,278,,12.15,30 day return,5 x 17 x 9 in,8.48 lb,Jamarko Warehouse,Jamarko,- Material: paper - Dimensions: 15 x 5 x 5 in - Weight: 5.79 lb - Options: material:fabric | finish:glossy - High-quality boxes product,9.36,4 days,Nepal
Draft,bx004-fabric-matte,bx004,boxes_4,bx-004-fabric-matte,material:fabric | finish:matte,22.24,NPR,8,In Stock,1,boxes,boxes-4-fabric-matte,High quality boxes,High quality boxes with multiple variants.,https://placehold.co/600x600?text=bx004-fabric-matte+1 | https://placehold.co/600x600?text=bx004-fabric-matte+2,Boxes Product,Buy premium boxes online,boxes,boxes image,4.2,280,,14.51,30 day return,13 x 6 x 10 in,12.92 lb,Jamarko Warehouse,Jamarko,- Material: metal - Dimensions: 14 x 17 x 3 in - Weight: 14.3 lb - Options: material:fabric | finish:matte - High-quality boxes product,9.36,4 days,Nepal
Published,bx004-leather-glossy,bx004,boxes_4,bx-004-leather-glossy,material:leather | finish:glossy,23.49,NPR,1,In Stock,,boxes,boxes-4-leather-glossy,High quality boxes,High quality boxes with multiple variants.,https://placehold.co/600x600?text=bx004-leather-glossy+1 | https://placehold.co/600x600?text=bx004-leather-glossy+2,Boxes Product,Buy premium boxes online,boxes,boxes image,4.8,222,,15.04,30 day return,15 x 11 x 1 in,6.79 lb,Jamarko Retail Store B,Jamarko,- Material: leather - Dimensions: 6 x 11 x 6 in - Weight: 5.33 lb - Options: material:leather | finish:glossy - High-quality boxes product,9.36,4 days,Nepal
Draft,nb005,,notebooks_5,nb-005,,36.11,AUD,13,In Stock,,notebooks,notebooks-5,High quality notebooks,High quality notebooks with multiple variants.,https://placehold.co/600x600?text=nb005+1 | https://placehold.co/600x600?text=nb005+2 | https://placehold.co/600x600?text=nb005+3,Notebooks Product,Buy premium notebooks online,notebooks,notebooks image,4.4,277,,19.08,30 day return,19 x 3 x 1 in,7.87 lb,Jamarko Warehouse,Jamarko,- Material: metal - Dimensions: 9 x 20 x 6 in - Weight: 1.99 lb - High-quality notebooks product,4.87,2 days,Nepal
Draft,nb005-large-floral,nb005,notebooks_5,nb-005-large-floral,size:large | pattern:floral,38.01,AUD,0,Backorder,1,notebooks,notebooks-5-large-floral,High quality notebooks,High quality notebooks with multiple variants.,https://placehold.co/600x600?text=nb005-large-floral+1 | https://placehold.co/600x600?text=nb005-large-floral+2 | https://placehold.co/600x600?text=nb005-large-floral+3 | https://placehold.co/600x600?text=nb005-large-floral+4,Notebooks Product,Buy premium notebooks online,notebooks,notebooks image,4.6,51,,27.7,30 day return,17 x 20 x 4 in,2.27 lb,Jamarko Warehouse,Jamarko,- Material: metal - Dimensions: 8 x 9 x 9 in - Weight: 4.06 lb - Options: size:large | pattern:floral - High-quality notebooks product,4.87,2 days,Nepal
Published,nb005-large-plain,nb005,notebooks_5,nb-005-large-plain,size:large | pattern:plain,39.44,AUD,6,In Stock,1,notebooks,notebooks-5-large-plain,High quality notebooks,High quality notebooks with multiple variants.,https://placehold.co/600x600?text=nb005-large-plain+1 | https://placehold.co/600x600?text=nb005-large-plain+2,Notebooks Product,Buy premium notebooks online,notebooks,notebooks image,4.8,234,,29.2,30 day return,17 x 16 x 10 in,7.44 lb,Jamarko Retail Store A,Jamarko,- Material: leather - Dimensions: 11 x 7 x 8 in - Weight: 0.7 lb - Options: size:large | pattern:plain - High-quality notebooks product,4.87,2 days,Nepal
Archived,nb005-medium-floral,nb005,notebooks_5,nb-005-medium-floral,size:medium | pattern:floral,40.53,AUD,7,In Stock,2,notebooks,notebooks-5-medium-floral,High quality notebooks,High quality notebooks with multiple variants.,https://placehold.co/600x600?text=nb005-medium-floral+1 | https://placehold.co/600x600?text=nb005-medium-floral+2 | https://placehold.co/600x600?text=nb005-medium-floral+3 | https://placehold.co/600x600?text=nb005-medium-floral+4,Notebooks Product,Buy premium notebooks online,notebooks,notebooks image,4.8,204,,25.46,30 day return,15 x 12 x 4 in,13.12 lb,Jamarko Retail Store B,Jamarko,- Material: linen - Dimensions: 12 x 10 x 3 in - Weight: 5.48 lb - Options: size:medium | pattern:floral - High-quality notebooks product,4.87,2 days,Nepal
Draft,gc006,,greeting_cards_6,gc-006,,4.46,EUR,33,In Stock,9,greeting_cards,greeting-cards-6,High quality greeting cards,High quality greeting cards with multiple variants.,https://placehold.co/600x600?text=gc006+1 | https://placehold.co/600x600?text=gc006+2 | https://placehold.co/600x600?text=gc006+3 | https://placehold.co/600x600?text=gc006+4,Greeting_Cards Product,Buy premium greeting_cards online,greeting_cards,greeting_cards image,4.3,74,,3.25,30 day return,13 x 7 x 3 in,7.68 lb,Jamarko Warehouse,Jamarko,- Material: paper - Dimensions: 3 x 16 x 1 in - Weight: 10.35 lb - High-quality greeting cards product,9.04,2 days,Nepal
Draft,gc006-leather,gc006,greeting_cards_6,gc-006-leather,material:leather,5.32,EUR,15,In Stock,3,greeting_cards,greeting-cards-6-leather,High quality greeting cards,High quality greeting cards with multiple variants.,https://placehold.co/600x600?text=gc006-leather+1 | https://placehold.co/600x600?text=gc006-leather+2 | https://placehold.co/600x600?text=gc006-leather+3,Greeting_Cards Product,Buy premium greeting_cards online,greeting_cards,greeting_cards image,4.9,258,,4.07,30 day return,8 x 14 x 8 in,1.96 lb,Jamarko Retail Store A,Jamarko,- Material: fabric - Dimensions: 15 x 8 x 4 in - Weight: 0.74 lb - Options: material:leather - High-quality greeting cards product,9.04,2 days,Nepal
Published,gc006-linen,gc006,greeting_cards_6,gc-006-linen,material:linen,4.49,EUR,3,In Stock,,greeting_cards,greeting-cards-6-linen,High quality greeting cards,High quality greeting cards with multiple variants.,https://placehold.co/600x600?text=gc006-linen+1 | https://placehold.co/600x600?text=gc006-linen+2 | https://placehold.co/600x600?text=gc006-linen+3 | https://placehold.co/600x600?text=gc006-linen+4,Greeting_Cards Product,Buy premium greeting_cards online,greeting_cards,greeting_cards image,4.2,104,,3.39,30 day return,12 x 16 x 5 in,6.19 lb,Jamarko Retail Store A,Jamarko,- Material: leather - Dimensions: 8 x 14 x 3 in - Weight: 9.99 lb - Options: material:linen - High-quality greeting cards product,9.04,2 days,Nepal
Draft,gc006-paper,gc006,greeting_cards_6,gc-006-paper,material:paper,4.18,EUR,15,In Stock,3,greeting_cards,greeting-cards-6-paper,High quality greeting cards,High quality greeting cards with multiple variants.,https://placehold.co/600x600?text=gc006-paper+1 | https://placehold.co/600x600?text=gc006-paper+2,Greeting_Cards Product,Buy premium greeting_cards online,greeting_cards,greeting_cards image,4.4,119,,3.24,30 day return,17 x 9 x 2 in,10.38 lb,Jamarko Warehouse,Jamarko,- Material: leather - Dimensions: 13 x 7 x 9 in - Weight: 7.79 lb - Options: material:paper - High-quality greeting cards product,9.04,2 days,Nepal
Draft,uc007,,uncategorized_7,uc-007,,20.48,EUR,21,In Stock,7,uncategorized,uncategorized-7,High quality uncategorized,High quality uncategorized with multiple variants.,https://placehold.co/600x600?text=uc007+1 | https://placehold.co/600x600?text=uc007+2,Uncategorized Product,Buy premium uncategorized online,uncategorized,uncategorized image,4.2,11,,15.5,30 day return,15 x 14 x 10 in,0.99 lb,Jamarko Retail Store B,Jamarko,- Material: fabric - Dimensions: 3 x 19 x 1 in - Weight: 0.85 lb - High-quality uncategorized product,12.49,4 days,Nepal
Archived,uc007-green-plain,uc007,uncategorized_7,uc-007-green-plain,color:green | pattern:plain,21.56,EUR,0,Out of Stock,1,uncategorized,uncategorized-7-green-plain,High quality uncategorized,High quality uncategorized with multiple variants.,https://placehold.co/600x600?text=uc007-green-plain+1 | https://placehold.co/600x600?text=uc007-green-plain+2 | https://placehold.co/600x600?text=uc007-green-plain+3,Uncategorized Product,Buy premium uncategorized online,uncategorized,uncategorized image,4.7,105,,16.64,30 day return,13 x 3 x 1 in,2.08 lb,Jamarko Warehouse,Jamarko,- Material: paper - Dimensions: 16 x 6 x 4 in - Weight: 8.91 lb - Options: color:green | pattern:plain - High-quality uncategorized product,12.49,4 days,Nepal
Unpublished,uc007-white-floral,uc007,uncategorized_7,uc-007-white-floral,color:white | pattern:floral,21.98,EUR,1,In Stock,,uncategorized,uncategorized-7-white-floral,High quality uncategorized,High quality uncategorized with multiple variants.,https://placehold.co/600x600?text=uc007-white-floral+1 | https://placehold.co/600x600?text=uc007-white-floral+2 | https://placehold.co/600x600?text=uc007-white-floral+3,Uncategorized Product,Buy premium uncategorized online,uncategorized,uncategorized image,4.9,272,,13.68,30 day return,16 x 18 x 10 in,4.41 lb,Jamarko Warehouse,Jamarko,- Material: fabric - Dimensions: 17 x 4 x 5 in - Weight: 2.4 lb - Options: color:white | pattern:floral - High-quality uncategorized product,12.49,4 days,Nepal
OutOfStock,uc007-brown-striped,uc007,uncategorized_7,uc-007-brown-striped,color:brown | pattern:striped,21.9,EUR,20,In Stock,7,uncategorized,uncategorized-7-brown-striped,High quality uncategorized,High quality uncategorized with multiple variants.,https://placehold.co/600x600?text=uc007-brown-striped+1 | https://placehold.co/600x600?text=uc007-brown-striped+2 | https://placehold.co/600x600?text=uc007-brown-striped+3,Uncategorized Product,Buy premium uncategorized online,uncategorized,uncategorized image,4.7,139,,15.8,30 day return,18 x 18 x 6 in,7.74 lb,Jamarko Retail Store A,Jamarko,- Material: leather - Dimensions: 16 x 3 x 1 in - Weight: 9.69 lb - Options: color:brown | pattern:striped - High-quality uncategorized product,12.49,4 days,Nepal
Draft,ps008,,pencils_8,ps-008,,22.44,AUD,0,Preorder,,pencils,pencils-8,High quality pencils,High quality pencils with multiple variants.,https://placehold.co/600x600?text=ps008+1 | https://placehold.co/600x600?text=ps008+2 | https://placehold.co/600x600?text=ps008+3 | https://placehold.co/600x600?text=ps008+4,Pencils Product,Buy premium pencils online,pencils,pencils image,4.6,79,,12.94,30 day return,12 x 12 x 7 in,9.94 lb,Jamarko Retail Store B,Jamarko,- Material: paper - Dimensions: 5 x 7 x 1 in - Weight: 1.26 lb - High-quality pencils product,14.4,10 days,Nepal
OutOfStock,pf009,,photo_frames_9,pf-009,,27.54,AUD,30,In Stock,,photo_frames,photo-frames-9,High quality photo frames,High quality photo frames with multiple variants.,https://placehold.co/600x600?text=pf009+1 | https://placehold.co/600x600?text=pf009+2 | https://placehold.co/600x600?text=pf009+3 | https://placehold.co/600x600?text=pf009+4,Photo_Frames Product,Buy premium photo_frames online,photo_frames,photo_frames image,4.6,246,,17.57,30 day return,7 x 12 x 1 in,8.06 lb,Jamarko Retail Store A,Jamarko,- Material: fabric - Dimensions: 20 x 10 x 1 in - Weight: 12.39 lb - High-quality photo frames product,5.4,8 days,Nepal
Unpublished,pf009-plain,pf009,photo_frames_9,pf-009-plain,pattern:plain,25.84,AUD,7,In Stock,1,photo_frames,photo-frames-9-plain,High quality photo frames,High quality photo frames with multiple variants.,https://mohitshrestha.github.io/jamarko_website/assets/media/images/logos_and_banners/jamarko_banner.jpg | https://mohitshrestha.github.io/jamarko_website/assets/media/images/pages/upcycled/upcycled.jpg | https://placehold.co/600x600?text=pf009-plain+3,Photo_Frames Product,Buy premium photo_frames online,photo_frames,photo_frames image,4.9,214,19.76,18.52,30 day return,7 x 6 x 8 in,9.97 lb,Jamarko Retail Store B,Jamarko,- Material: wood - Dimensions: 7 x 12 x 1 in - Weight: 4.61 lb - Options: pattern:plain - High-quality photo frames product,5.4,8 days,Nepal
Unpublished,pf009-floral,pf009,photo_frames_9,pf-009-floral,pattern:floral,25.82,AUD,16,In Stock,,photo_frames,photo-frames-9-floral,High quality photo frames,High quality photo frames with multiple variants.,https://placehold.co/600x600?text=pf009-floral+1 | https://placehold.co/600x600?text=pf009-floral+2 | https://placehold.co/600x600?text=pf009-floral+3 | https://placehold.co/600x600?text=pf009-floral+4,Photo_Frames Product,Buy premium photo_frames online,photo_frames,photo_frames image,4.6,249,,19.97,30 day return,12 x 18 x 7 in,1.24 lb,Jamarko Warehouse,Jamarko,- Material: paper - Dimensions: 10 x 18 x 3 in - Weight: 4.35 lb - Options: pattern:floral - High-quality photo frames product,5.4,8 days,Nepal
OutOfStock,pf009-geometric,pf009,photo_frames_9,pf-009-geometric,pattern:geometric,27.93,AUD,7,In Stock,2,photo_frames,photo-frames-9-geometric,High quality photo frames,High quality photo frames with multiple variants.,https://placehold.co/600x600?text=pf009-geometric+1 | https://placehold.co/600x600?text=pf009-geometric+2 | https://placehold.co/600x600?text=pf009-geometric+3,Photo_Frames Product,Buy premium photo_frames online,photo_frames,photo_frames image,4.2,243,,18.47,30 day return,12 x 3 x 3 in,13.97 lb,Jamarko Retail Store B,Jamarko,- Material: paper - Dimensions: 19 x 3 x 7 in - Weight: 8.28 lb - Options: pattern:geometric - High-quality photo frames product,5.4,8 days,Nepal
Published,wp010,,wrapping_papers_10,wp-010,,16.79,EUR,0,Out of Stock,1,wrapping_papers,wrapping-papers-10,High quality wrapping papers,High quality wrapping papers with multiple variants.,https://placehold.co/600x600?text=wp010+1 | https://placehold.co/600x600?text=wp010+2 | https://placehold.co/600x600?text=wp010+3 | https://placehold.co/600x600?text=wp010+4 | https://placehold.co/600x600?text=wp010+5,Wrapping_Papers Product,Buy premium wrapping_papers online,wrapping_papers,wrapping_papers image,4.8,105,,8.66,30 day return,10 x 13 x 9 in,4.64 lb,Jamarko Retail Store B,Jamarko,- Material: fabric - Dimensions: 7 x 13 x 7 in - Weight: 12.88 lb - High-quality wrapping papers product,13.78,9 days,Nepal
Archived,ps011,,pencils_11,ps-011,,3.39,EUR,0,Preorder,,pencils,pencils-11,High quality pencils,High quality pencils with multiple variants.,https://placehold.co/600x600?text=ps011+1 | https://placehold.co/600x600?text=ps011+2 | https://placehold.co/600x600?text=ps011+3 | https://placehold.co/600x600?text=ps011+4 | https://placehold.co/600x600?text=ps011+5,Pencils Product,Buy premium pencils online,pencils,pencils image,4.4,234,,2.65,30 day return,9 x 11 x 5 in,1.76 lb,Jamarko Retail Store B,Jamarko,- Material: fabric - Dimensions: 11 x 19 x 10 in - Weight: 1.71 lb - High-quality pencils product,8.69,13 days,Nepal
ComingSoon,pf012,,photo_frames_12,pf-012,,14.03,EUR,37,In Stock,,photo_frames,photo-frames-12,High quality photo frames,High quality photo frames with multiple variants.,https://placehold.co/600x600?text=pf012+1 | https://placehold.co/600x600?text=pf012+2 | https://placehold.co/600x600?text=pf012+3 | https://placehold.co/600x600?text=pf012+4,Photo_Frames Product,Buy premium photo_frames online,photo_frames,photo_frames image,4.5,261,,9.17,30 day return,5 x 16 x 3 in,14.6 lb,Jamarko Retail Store A,Jamarko,- Material: metal - Dimensions: 11 x 18 x 2 in - Weight: 7.34 lb - High-quality photo frames product,3.05,7 days,Nepal
Published,pf012-white-striped,pf012,photo_frames_12,pf-012-white-striped,color:white | pattern:striped,13.12,EUR,13,In Stock,,photo_frames,photo-frames-12-white-striped,High quality photo frames,High quality photo frames with multiple variants.,https://placehold.co/600x600?text=pf012-white-striped+1 | https://placehold.co/600x600?text=pf012-white-striped+2 | https://placehold.co/600x600?text=pf012-white-striped+3 | https://placehold.co/600x600?text=pf012-white-striped+4,Photo_Frames Product,Buy premium photo_frames online,photo_frames,photo_frames image,4.6,63,,6.74,30 day return,16 x 20 x 10 in,10.21 lb,Jamarko Retail Store A,Jamarko,- Material: metal - Dimensions: 7 x 3 x 4 in - Weight: 12.88 lb - Options: color:white | pattern:striped - High-quality photo frames product,3.05,7 days,Nepal
Published,pf012-brown-plain,pf012,photo_frames_12,pf-012-brown-plain,color:brown | pattern:plain,16.05,EUR,14,In Stock,4,photo_frames,photo-frames-12-brown-plain,High quality photo frames,High quality photo frames with multiple variants.,https://placehold.co/600x600?text=pf012-brown-plain+1 | https://placehold.co/600x600?text=pf012-brown-plain+2,Photo_Frames Product,Buy premium photo_frames online,photo_frames,photo_frames image,4.8,202,,12.53,30 day return,7 x 11 x 7 in,11.65 lb,Jamarko Retail Store B,Jamarko,- Material: metal - Dimensions: 14 x 8 x 3 in - Weight: 10.68 lb - Options: color:brown | pattern:plain - High-quality photo frames product,3.05,7 days,Nepal
PreOrder,pf012-blue-floral,pf012,photo_frames_12,pf-012-blue-floral,color:blue | pattern:floral,13.03,EUR,10,In Stock,3,photo_frames,photo-frames-12-blue-floral,High quality photo frames,High quality photo frames with multiple variants.,https://placehold.co/600x600?text=pf012-blue-floral+1 | https://placehold.co/600x600?text=pf012-blue-floral+2 | https://placehold.co/600x600?text=pf012-blue-floral+3,Photo_Frames Product,Buy premium photo_frames online,photo_frames,photo_frames image,4.8,105,,10.2,30 day return,18 x 5 x 10 in,8.3 lb,Jamarko Warehouse,Jamarko,- Material: wood - Dimensions: 7 x 11 x 10 in - Weight: 5.63 lb - Options: color:blue | pattern:floral - High-quality photo frames product,3.05,7 days,Nepal
ComingSoon,ps013,,pencils_13,ps-013,,4.17,USD,31,In Stock,,pencils,pencils-13,High quality pencils,High quality pencils with multiple variants.,https://placehold.co/600x600?text=ps013+1 | https://placehold.co/600x600?text=ps013+2,Pencils Product,Buy premium pencils online,pencils,pencils image,4.8,194,,2.85,30 day return,19 x 15 x 6 in,10.9 lb,Jamarko Retail Store B,Jamarko,- Material: leather - Dimensions: 18 x 10 x 3 in - Weight: 11.86 lb - High-quality pencils product,5.79,12 days,Nepal
PreOrder,ps013-leather-matte,ps013,pencils_13,ps-013-leather-matte,material:leather | finish:matte,4.94,USD,4,In Stock,1,pencils,pencils-13-leather-matte,High quality pencils,High quality pencils with multiple variants.,https://placehold.co/600x600?text=ps013-leather-matte+1 | https://placehold.co/600x600?text=ps013-leather-matte+2,Pencils Product,Buy premium pencils online,pencils,pencils image,4.5,222,,2.51,30 day return,4 x 8 x 4 in,7.28 lb,Jamarko Retail Store A,Jamarko,- Material: wood - Dimensions: 10 x 8 x 3 in - Weight: 3.19 lb - Options: material:leather | finish:matte - High-quality pencils product,5.79,12 days,Nepal
Unpublished,ps013-wood-glossy,ps013,pencils_13,ps-013-wood-glossy,material:wood | finish:glossy,4.3,USD,7,In Stock,,pencils,pencils-13-wood-glossy,High quality pencils,High quality pencils with multiple variants.,https://placehold.co/600x600?text=ps013-wood-glossy+1 | https://placehold.co/600x600?text=ps013-wood-glossy+2 | https://placehold.co/600x600?text=ps013-wood-glossy+3 | https://placehold.co/600x600?text=ps013-wood-glossy+4,Pencils Product,Buy premium pencils online,pencils,pencils image,4.9,253,,2.81,30 day return,8 x 16 x 1 in,8.44 lb,Jamarko Warehouse,Jamarko,- Material: leather - Dimensions: 18 x 19 x 8 in - Weight: 0.79 lb - Options: material:wood | finish:glossy - High-quality pencils product,5.79,12 days,Nepal
ComingSoon,ps013-paper-textured,ps013,pencils_13,ps-013-paper-textured,material:paper | finish:textured,3.83,USD,20,In Stock,5,pencils,pencils-13-paper-textured,High quality pencils,High quality pencils with multiple variants.,https://placehold.co/600x600?text=ps013-paper-textured+1 | https://placehold.co/600x600?text=ps013-paper-textured+2 | https://placehold.co/600x600?text=ps013-paper-textured+3 | https://placehold.co/600x600?text=ps013-paper-textured+4,Pencils Product,Buy premium pencils online,pencils,pencils image,4.4,22,,2.17,30 day return,9 x 8 x 5 in,11.66 lb,Jamarko Warehouse,Jamarko,- Material: metal - Dimensions: 3 x 17 x 2 in - Weight: 3.41 lb - Options: material:paper | finish:textured - High-quality pencils product,5.79,12 days,Nepal
Unpublished,bx014,,boxes_14,bx-014,,16.24,EUR,38,In Stock,13,boxes,boxes-14,High quality boxes,High quality boxes with multiple variants.,https://placehold.co/600x600?text=bx014+1 | https://placehold.co/600x600?text=bx014+2 | https://placehold.co/600x600?text=bx014+3,Boxes Product,Buy premium boxes online,boxes,boxes image,4.6,255,,12,30 day return,16 x 13 x 4 in,1.19 lb,Jamarko Retail Store B,Jamarko,- Material: leather - Dimensions: 9 x 16 x 4 in - Weight: 11.89 lb - High-quality boxes product,5.34,6 days,Nepal
ComingSoon,bx014-fabric-textured,bx014,boxes_14,bx-014-fabric-textured,material:fabric | finish:textured,19.15,EUR,4,In Stock,1,boxes,boxes-14-fabric-textured,High quality boxes,High quality boxes with multiple variants.,https://placehold.co/600x600?text=bx014-fabric-textured+1 | https://placehold.co/600x600?text=bx014-fabric-textured+2 | https://placehold.co/600x600?text=bx014-fabric-textured+3 | https://placehold.co/600x600?text=bx014-fabric-textured+4,Boxes Product,Buy premium boxes online,boxes,boxes image,4.7,155,,12.22,30 day return,13 x 7 x 4 in,6.46 lb,Jamarko Warehouse,Jamarko,- Material: leather - Dimensions: 6 x 9 x 8 in - Weight: 10.26 lb - Options: material:fabric | finish:textured - High-quality boxes product,5.34,6 days,Nepal
Draft,bx014-leather-matte,bx014,boxes_14,bx-014-leather-matte,material:leather | finish:matte,14.74,EUR,14,In Stock,,boxes,boxes-14-leather-matte,High quality boxes,High quality boxes with multiple variants.,https://placehold.co/600x600?text=bx014-leather-matte+1 | https://placehold.co/600x600?text=bx014-leather-matte+2 | https://placehold.co/600x600?text=bx014-leather-matte+3,Boxes Product,Buy premium boxes online,boxes,boxes image,4.4,287,,11.29,30 day return,10 x 8 x 1 in,1.03 lb,Jamarko Retail Store A,Jamarko,- Material: metal - Dimensions: 17 x 10 x 1 in - Weight: 4.39 lb - Options: material:leather | finish:matte - High-quality boxes product,5.34,6 days,Nepal
OutOfStock,bx014-leather-glossy,bx014,boxes_14,bx-014-leather-glossy,material:leather | finish:glossy,15.3,EUR,20,In Stock,,boxes,boxes-14-leather-glossy,High quality boxes,High quality boxes with multiple variants.,https://placehold.co/600x600?text=bx014-leather-glossy+1 | https://placehold.co/600x600?text=bx014-leather-glossy+2,Boxes Product,Buy premium boxes online,boxes,boxes image,4.6,209,,11.9,30 day return,7 x 16 x 7 in,13.57 lb,Jamarko Retail Store A,Jamarko,- Material: fabric - Dimensions: 5 x 16 x 7 in - Weight: 5.83 lb - Options: material:leather | finish:glossy - High-quality boxes product,5.34,6 days,Nepal
Draft,bx015,,boxes_15,bx-015,,12.63,INR,43,In Stock,,boxes,boxes-15,High quality boxes,High quality boxes with multiple variants.,https://placehold.co/600x600?text=bx015+1 | https://placehold.co/600x600?text=bx015+2 | https://placehold.co/600x600?text=bx015+3,Boxes Product,Buy premium boxes online,boxes,boxes image,4.4,145,,9.88,30 day return,16 x 11 x 2 in,11.14 lb,Jamarko Retail Store B,Jamarko,- Material: linen - Dimensions: 19 x 3 x 10 in - Weight: 6.88 lb - High-quality boxes product,13.99,5 days,Nepal
Archived,bx015-wood,bx015,boxes_15,bx-015-wood,material:wood,13.53,INR,15,In Stock,5,boxes,boxes-15-wood,High quality boxes,High quality boxes with multiple variants.,https://placehold.co/600x600?text=bx015-wood+1 | https://placehold.co/600x600?text=bx015-wood+2 | https://placehold.co/600x600?text=bx015-wood+3 | https://placehold.co/600x600?text=bx015-wood+4,Boxes Product,Buy premium boxes online,boxes,boxes image,4.3,182,,7.12,30 day return,18 x 11 x 4 in,4.59 lb,Jamarko Retail Store A,Jamarko,- Material: fabric - Dimensions: 10 x 19 x 4 in - Weight: 14.8 lb - Options: material:wood - High-quality boxes product,13.99,5 days,Nepal
OutOfStock,bx015-paper,bx015,boxes_15,bx-015-paper,material:paper,12.23,INR,8,In Stock,2,boxes,boxes-15-paper,High quality boxes,High quality boxes with multiple variants.,https://placehold.co/600x600?text=bx015-paper+1 | https://placehold.co/600x600?text=bx015-paper+2 | https://placehold.co/600x600?text=bx015-paper+3,Boxes Product,Buy premium boxes online,boxes,boxes image,4.9,192,,6.38,30 day return,11 x 4 x 7 in,11.51 lb,Jamarko Retail Store A,Jamarko,- Material: fabric - Dimensions: 3 x 18 x 3 in - Weight: 5.22 lb - Options: material:paper - High-quality boxes product,13.99,5 days,Nepal
Unpublished,bx015-linen,bx015,boxes_15,bx-015-linen,material:linen,11.66,INR,20,In Stock,7,boxes,boxes-15-linen,High quality boxes,High quality boxes with multiple variants.,https://placehold.co/600x600?text=bx015-linen+1 | https://placehold.co/600x600?text=bx015-linen+2,Boxes Product,Buy premium boxes online,boxes,boxes image,4.6,198,,9.08,30 day return,16 x 13 x 9 in,11.23 lb,Jamarko Warehouse,Jamarko,- Material: fabric - Dimensions: 13 x 7 x 2 in - Weight: 10.84 lb - Options: material:linen - High-quality boxes product,13.99,5 days,Nepal
Archived,pf016,,photo_frames_16,pf-016,,29.24,CAD,42,In Stock,11,photo_frames,photo-frames-16,High quality photo frames,High quality photo frames with multiple variants.,https://placehold.co/600x600?text=pf016+1 | https://placehold.co/600x600?text=pf016+2 | https://placehold.co/600x600?text=pf016+3 | https://placehold.co/600x600?text=pf016+4,Photo_Frames Product,Buy premium photo_frames online,photo_frames,photo_frames image,4.9,70,,17.44,30 day return,17 x 6 x 5 in,6.49 lb,Jamarko Warehouse,Jamarko,- Material: paper - Dimensions: 8 x 14 x 6 in - Weight: 5.97 lb - High-quality photo frames product,14.67,13 days,Nepal
Published,pf016-a4,pf016,photo_frames_16,pf-016-a4,size:a4,32.72,CAD,20,In Stock,4,photo_frames,photo-frames-16-a4,High quality photo frames,High quality photo frames with multiple variants.,https://placehold.co/600x600?text=pf016-a4+1 | https://placehold.co/600x600?text=pf016-a4+2,Photo_Frames Product,Buy premium photo_frames online,photo_frames,photo_frames image,4.9,76,,20.83,30 day return,19 x 5 x 7 in,7.49 lb,Jamarko Warehouse,Jamarko,- Material: metal - Dimensions: 6 x 6 x 8 in - Weight: 7.48 lb - Options: size:a4 - High-quality photo frames product,14.67,13 days,Nepal
PreOrder,pf016-small,pf016,photo_frames_16,pf-016-small,size:small,29.71,CAD,16,In Stock,5,photo_frames,photo-frames-16-small,High quality photo frames,High quality photo frames with multiple variants.,https://placehold.co/600x600?text=pf016-small+1 | https://placehold.co/600x600?text=pf016-small+2,Photo_Frames Product,Buy premium photo_frames online,photo_frames,photo_frames image,4.5,232,23.37,17.73,30 day return,5 x 8 x 10 in,7.65 lb,Jamarko Retail Store B,Jamarko,- Material: wood - Dimensions: 15 x 8 x 1 in - Weight: 6.9 lb - Options: size:small - High-quality photo frames product,14.67,13 days,Nepal
PreOrder,pf016-large,pf016,photo_frames_16,pf-016-large,size:large,32.43,CAD,6,In Stock,2,photo_frames,photo-frames-16-large,High quality photo frames,High quality photo frames with multiple variants.,https://placehold.co/600x600?text=pf016-large+1 | https://placehold.co/600x600?text=pf016-large+2 | https://placehold.co/600x600?text=pf016-large+3,Photo_Frames Product,Buy premium photo_frames online,photo_frames,photo_frames image,4.8,98,,16.56,30 day return,9 x 7 x 7 in,9.1 lb,Jamarko Retail Store A,Jamarko,- Material: linen - Dimensions: 14 x 14 x 4 in - Weight: 2.36 lb - Options: size:large - High-quality photo frames product,14.67,13 days,Nepal
Published,ls017,,lampshades_17,ls-017,,12.9,USD,35,In Stock,,lampshades,lampshades-17,High quality lampshades,High quality lampshades with multiple variants.,https://placehold.co/600x600?text=ls017+1 | https://placehold.co/600x600?text=ls017+2,Lampshades Product,Buy premium lampshades online,lampshades,lampshades image,4.8,294,,9.44,30 day return,18 x 17 x 4 in,3.11 lb,Jamarko Retail Store A,Jamarko,- Material: paper - Dimensions: 13 x 7 x 10 in - Weight: 4.8 lb - High-quality lampshades product,10.28,11 days,Nepal
ComingSoon,ls017-blue-geometric,ls017,lampshades_17,ls-017-blue-geometric,color:blue | pattern:geometric,14.28,USD,9,In Stock,3,lampshades,lampshades-17-blue-geometric,High quality lampshades,High quality lampshades with multiple variants.,https://placehold.co/600x600?text=ls017-blue-geometric+1 | https://placehold.co/600x600?text=ls017-blue-geometric+2 | https://placehold.co/600x600?text=ls017-blue-geometric+3,Lampshades Product,Buy premium lampshades online,lampshades,lampshades image,4.4,216,11.22,11.16,30 day return,20 x 6 x 6 in,13.29 lb,Jamarko Retail Store A,Jamarko,- Material: linen - Dimensions: 12 x 5 x 1 in - Weight: 9.93 lb - Options: color:blue | pattern:geometric - High-quality lampshades product,10.28,11 days,Nepal
Archived,ls017-green-geometric,ls017,lampshades_17,ls-017-green-geometric,color:green | pattern:geometric,13.19,USD,10,In Stock,2,lampshades,lampshades-17-green-geometric,High quality lampshades,High quality lampshades with multiple variants.,https://placehold.co/600x600?text=ls017-green-geometric+1 | https://placehold.co/600x600?text=ls017-green-geometric+2 | https://placehold.co/600x600?text=ls017-green-geometric+3 | https://placehold.co/600x600?text=ls017-green-geometric+4,Lampshades Product,Buy premium lampshades online,lampshades,lampshades image,4.3,147,,8.17,30 day return,11 x 12 x 10 in,7.77 lb,Jamarko Retail Store B,Jamarko,- Material: leather - Dimensions: 7 x 10 x 5 in - Weight: 6.71 lb - Options: color:green | pattern:geometric - High-quality lampshades product,10.28,11 days,Nepal
PreOrder,ls017-green-striped,ls017,lampshades_17,ls-017-green-striped,color:green | pattern:striped,14.9,USD,16,In Stock,5,lampshades,lampshades-17-green-striped,High quality lampshades,High quality lampshades with multiple variants.,https://placehold.co/600x600?text=ls017-green-striped+1 | https://placehold.co/600x600?text=ls017-green-striped+2 | https://placehold.co/600x600?text=ls017-green-striped+3 | https://placehold.co/600x600?text=ls017-green-striped+4,Lampshades Product,Buy premium lampshades online,lampshades,lampshades image,4.5,145,,8.52,30 day return,10 x 14 x 3 in,4.16 lb,Jamarko Retail Store B,Jamarko,- Material: metal - Dimensions: 19 x 6 x 4 in - Weight: 12.86 lb - Options: color:green | pattern:striped - High-quality lampshades product,10.28,11 days,Nepal
Draft,nb018,,notebooks_18,nb-018,,23.26,EUR,44,In Stock,,notebooks,notebooks-18,High quality notebooks,High quality notebooks with multiple variants.,https://placehold.co/600x600?text=nb018+1 | https://placehold.co/600x600?text=nb018+2 | https://placehold.co/600x600?text=nb018+3 | https://placehold.co/600x600?text=nb018+4,Notebooks Product,Buy premium notebooks online,notebooks,notebooks image,4.4,241,,18.01,30 day return,18 x 7 x 1 in,2.26 lb,Jamarko Retail Store A,Jamarko,- Material: paper - Dimensions: 17 x 11 x 6 in - Weight: 11.72 lb - High-quality notebooks product,5.22,4 days,Nepal
PreOrder,nb018-large,nb018,notebooks_18,nb-018-large,size:large,22.3,EUR,16,In Stock,,notebooks,notebooks-18-large,High quality notebooks,High quality notebooks with multiple variants.,https://placehold.co/600x600?text=nb018-large+1 | https://placehold.co/600x600?text=nb018-large+2 | https://placehold.co/600x600?text=nb018-large+3,Notebooks Product,Buy premium notebooks online,notebooks,notebooks image,4.6,169,,16.68,30 day return,9 x 4 x 9 in,14.15 lb,Jamarko Warehouse,Jamarko,- Material: metal - Dimensions: 18 x 15 x 8 in - Weight: 11.26 lb - Options: size:large - High-quality notebooks product,5.22,4 days,Nepal
OutOfStock,nb018-a4,nb018,notebooks_18,nb-018-a4,size:a4,26,EUR,8,In Stock,2,notebooks,notebooks-18-a4,High quality notebooks,High quality notebooks with multiple variants.,https://placehold.co/600x600?text=nb018-a4+1 | https://placehold.co/600x600?text=nb018-a4+2,Notebooks Product,Buy premium notebooks online,notebooks,notebooks image,4.6,279,,17.45,30 day return,5 x 9 x 6 in,1.46 lb,Jamarko Retail Store A,Jamarko,- Material: wood - Dimensions: 5 x 8 x 6 in - Weight: 4.95 lb - Options: size:a4 - High-quality notebooks product,5.22,4 days,Nepal
Archived,nb018-medium,nb018,notebooks_18,nb-018-medium,size:medium,25.44,EUR,20,In Stock,5,notebooks,notebooks-18-medium,High quality notebooks,High quality notebooks with multiple variants.,https://placehold.co/600x600?text=nb018-medium+1 | https://placehold.co/600x600?text=nb018-medium+2,Notebooks Product,Buy premium notebooks online,notebooks,notebooks image,4.7,148,,17.51,30 day return,18 x 10 x 3 in,4.1 lb,Jamarko Warehouse,Jamarko,- Material: fabric - Dimensions: 3 x 6 x 3 in - Weight: 7.73 lb - Options: size:medium - High-quality notebooks product,5.22,4 days,Nepal
ComingSoon,ps019,,pencils_19,ps-019,,5.3,NPR,0,Out of Stock,1,pencils,pencils-19,High quality pencils,High quality pencils with multiple variants.,https://placehold.co/600x600?text=ps019+1 | https://placehold.co/600x600?text=ps019+2 | https://placehold.co/600x600?text=ps019+3 | https://placehold.co/600x600?text=ps019+4 | https://placehold.co/600x600?text=ps019+5,Pencils Product,Buy premium pencils online,pencils,pencils image,4.5,197,,3.15,30 day return,20 x 8 x 10 in,14.56 lb,Jamarko Retail Store A,Jamarko,- Material: paper - Dimensions: 15 x 15 x 4 in - Weight: 9.8 lb - High-quality pencils product,12.93,9 days,Nepal
Draft,bx020,,boxes_20,bx-020,,28.24,CAD,13,In Stock,,boxes,boxes-20,High quality boxes,High quality boxes with multiple variants.,https://placehold.co/600x600?text=bx020+1 | https://placehold.co/600x600?text=bx020+2 | https://placehold.co/600x600?text=bx020+3,Boxes Product,Buy premium boxes online,boxes,boxes image,4.3,228,,16.51,30 day return,11 x 14 x 9 in,2.42 lb,Jamarko Warehouse,Jamarko,- Material: linen - Dimensions: 9 x 9 x 4 in - Weight: 15.0 lb - High-quality boxes product,2.34,4 days,Nepal
ComingSoon,bx020-white-plain,bx020,boxes_20,bx-020-white-plain,color:white | pattern:plain,33,CAD,5,In Stock,,boxes,boxes-20-white-plain,High quality boxes,High quality boxes with multiple variants.,https://placehold.co/600x600?text=bx020-white-plain+1 | https://placehold.co/600x600?text=bx020-white-plain+2,Boxes Product,Buy premium boxes online,boxes,boxes image,4.6,287,,21.2,30 day return,15 x 10 x 2 in,6.47 lb,Jamarko Retail Store A,Jamarko,- Material: paper - Dimensions: 12 x 8 x 5 in - Weight: 14.45 lb - Options: color:white | pattern:plain - High-quality boxes product,2.34,4 days,Nepal
Published,bx020-brown-floral,bx020,boxes_20,bx-020-brown-floral,color:brown | pattern:floral,32.55,CAD,0,Out of Stock,1,boxes,boxes-20-brown-floral,High quality boxes,High quality boxes with multiple variants.,https://placehold.co/600x600?text=bx020-brown-floral+1 | https://placehold.co/600x600?text=bx020-brown-floral+2 | https://placehold.co/600x600?text=bx020-brown-floral+3 | https://placehold.co/600x600?text=bx020-brown-floral+4,Boxes Product,Buy premium boxes online,boxes,boxes image,4.3,230,,22.76,30 day return,19 x 15 x 9 in,11.4 lb,Jamarko Retail Store B,Jamarko,- Material: linen - Dimensions: 5 x 11 x 7 in - Weight: 9.95 lb - Options: color:brown | pattern:floral - High-quality boxes product,2.34,4 days,Nepal
Archived,bx020-brown-striped,bx020,boxes_20,bx-020-brown-striped,color:brown | pattern:striped,33.49,CAD,8,In Stock,,boxes,boxes-20-brown-striped,High quality boxes,High quality boxes with multiple variants.,https://placehold.co/600x600?text=bx020-brown-striped+1 | https://placehold.co/600x600?text=bx020-brown-striped+2 | https://placehold.co/600x600?text=bx020-brown-striped+3 | https://placehold.co/600x600?text=bx020-brown-striped+4,Boxes Product,Buy premium boxes online,boxes,boxes image,4.6,64,,17.75,30 day return,6 x 3 x 1 in,6.11 lb,Jamarko Warehouse,Jamarko,- Material: paper - Dimensions: 8 x 18 x 4 in - Weight: 12.76 lb - Options: color:brown | pattern:striped - High-quality boxes product,2.34,4 days,Nepal
PreOrder,jb021,,jewelry_boxes_21,jb-021,,18.14,USD,28,In Stock,,jewelry_boxes,jewelry-boxes-21,High quality jewelry boxes,High quality jewelry boxes with multiple variants.,https://placehold.co/600x600?text=jb021+1 | https://placehold.co/600x600?text=jb021+2 | https://placehold.co/600x600?text=jb021+3,Jewelry_Boxes Product,Buy premium jewelry_boxes online,jewelry_boxes,jewelry_boxes image,4.7,229,,9.64,30 day return,5 x 17 x 3 in,10.85 lb,Jamarko Retail Store A,Jamarko,- Material: paper - Dimensions: 4 x 5 x 1 in - Weight: 10.2 lb - High-quality jewelry boxes product,3.32,13 days,Nepal
Published,jb021-beige,jb021,jewelry_boxes_21,jb-021-beige,color:beige,20.42,USD,5,In Stock,1,jewelry_boxes,jewelry-boxes-21-beige,High quality jewelry boxes,High quality jewelry boxes with multiple variants.,https://placehold.co/600x600?text=jb021-beige+1 | https://placehold.co/600x600?text=jb021-beige+2 | https://placehold.co/600x600?text=jb021-beige+3,Jewelry_Boxes Product,Buy premium jewelry_boxes online,jewelry_boxes,jewelry_boxes image,4.4,141,,13.03,30 day return,4 x 9 x 10 in,1.98 lb,Jamarko Retail Store A,Jamarko,- Material: fabric - Dimensions: 9 x 12 x 7 in - Weight: 6.3 lb - Options: color:beige - High-quality jewelry boxes product,3.32,13 days,Nepal
OutOfStock,jb021-brown,jb021,jewelry_boxes_21,jb-021-brown,color:brown,19.43,USD,6,In Stock,,jewelry_boxes,jewelry-boxes-21-brown,High quality jewelry boxes,High quality jewelry boxes with multiple variants.,https://placehold.co/600x600?text=jb021-brown+1 | https://placehold.co/600x600?text=jb021-brown+2 | https://placehold.co/600x600?text=jb021-brown+3,Jewelry_Boxes Product,Buy premium jewelry_boxes online,jewelry_boxes,jewelry_boxes image,4.9,273,16.64,10.98,30 day return,9 x 14 x 3 in,1.74 lb,Jamarko Retail Store A,Jamarko,- Material: wood - Dimensions: 5 x 15 x 3 in - Weight: 12.31 lb - Options: color:brown - High-quality jewelry boxes product,3.32,13 days,Nepal
Archived,jb021-black,jb021,jewelry_boxes_21,jb-021-black,color:black,19.29,USD,17,In Stock,,jewelry_boxes,jewelry-boxes-21-black,High quality jewelry boxes,High quality jewelry boxes with multiple variants.,https://placehold.co/600x600?text=jb021-black+1 | https://placehold.co/600x600?text=jb021-black+2 | https://placehold.co/600x600?text=jb021-black+3 | https://placehold.co/600x600?text=jb021-black+4,Jewelry_Boxes Product,Buy premium jewelry_boxes online,jewelry_boxes,jewelry_boxes image,4.4,11,17.34,10.73,30 day return,4 x 15 x 2 in,1.51 lb,Jamarko Warehouse,Jamarko,- Material: fabric - Dimensions: 9 x 15 x 8 in - Weight: 2.67 lb - Options: color:black - High-quality jewelry boxes product,3.32,13 days,Nepal
ComingSoon,pf022,,photo_frames_22,pf-022,,15.79,INR,0,Preorder,1,photo_frames,photo-frames-22,High quality photo frames,High quality photo frames with multiple variants.,https://placehold.co/600x600?text=pf022+1 | https://placehold.co/600x600?text=pf022+2 | https://placehold.co/600x600?text=pf022+3,Photo_Frames Product,Buy premium photo_frames online,photo_frames,photo_frames image,4.7,250,,12.24,30 day return,6 x 18 x 7 in,6.98 lb,Jamarko Retail Store B,Jamarko,- Material: wood - Dimensions: 9 x 12 x 6 in - Weight: 9.11 lb - High-quality photo frames product,5.67,8 days,Nepal
ComingSoon,ps023,,pencils_23,ps-023,,16.36,CAD,28,In Stock,10,pencils,pencils-23,High quality pencils,High quality pencils with multiple variants.,https://placehold.co/600x600?text=ps023+1 | https://placehold.co/600x600?text=ps023+2 | https://placehold.co/600x600?text=ps023+3 | https://placehold.co/600x600?text=ps023+4,Pencils Product,Buy premium pencils online,pencils,pencils image,4.6,193,,11.69,30 day return,11 x 7 x 1 in,9.28 lb,Jamarko Retail Store A,Jamarko,- Material: paper - Dimensions: 20 x 5 x 2 in - Weight: 4.28 lb - High-quality pencils product,12.36,5 days,Nepal
Published,ps023-plain,ps023,pencils_23,ps-023-plain,pattern:plain,17.29,CAD,9,In Stock,,pencils,pencils-23-plain,High quality pencils,High quality pencils with multiple variants.,https://placehold.co/600x600?text=ps023-plain+1 | https://placehold.co/600x600?text=ps023-plain+2,Pencils Product,Buy premium pencils online,pencils,pencils image,4.9,147,,12.95,30 day return,15 x 17 x 1 in,8.23 lb,Jamarko Warehouse,Jamarko,- Material: wood - Dimensions: 15 x 5 x 7 in - Weight: 12.28 lb - Options: pattern:plain - High-quality pencils product,12.36,5 days,Nepal
Draft,ps023-geometric,ps023,pencils_23,ps-023-geometric,pattern:geometric,17.44,CAD,4,In Stock,,pencils,pencils-23-geometric,High quality pencils,High quality pencils with multiple variants.,https://placehold.co/600x600?text=ps023-geometric+1 | https://placehold.co/600x600?text=ps023-geometric+2,Pencils Product,Buy premium pencils online,pencils,pencils image,4.5,15,,11.58,30 day return,4 x 19 x 1 in,2.61 lb,Jamarko Retail Store A,Jamarko,- Material: metal - Dimensions: 19 x 17 x 9 in - Weight: 1.44 lb - Options: pattern:geometric - High-quality pencils product,12.36,5 days,Nepal
OutOfStock,ps023-striped,ps023,pencils_23,ps-023-striped,pattern:striped,15.32,CAD,15,In Stock,5,pencils,pencils-23-striped,High quality pencils,High quality pencils with multiple variants.,https://placehold.co/600x600?text=ps023-striped+1 | https://placehold.co/600x600?text=ps023-striped+2,Pencils Product,Buy premium pencils online,pencils,pencils image,4.9,251,,8.7,30 day return,13 x 6 x 8 in,8.27 lb,Jamarko Retail Store B,Jamarko,- Material: metal - Dimensions: 8 x 12 x 10 in - Weight: 2.74 lb - Options: pattern:striped - High-quality pencils product,12.36,5 days,Nepal
Draft,gc024,,greeting_cards_24,gc-024,,13.12,AUD,0,Preorder,1,greeting_cards,greeting-cards-24,High quality greeting cards,High quality greeting cards with multiple variants.,https://placehold.co/600x600?text=gc024+1 | https://placehold.co/600x600?text=gc024+2,Greeting_Cards Product,Buy premium greeting_cards online,greeting_cards,greeting_cards image,4.4,215,,8.34,30 day return,15 x 7 x 5 in,2.99 lb,Jamarko Warehouse,Jamarko,- Material: linen - Dimensions: 12 x 9 x 10 in - Weight: 11.06 lb - High-quality greeting cards product,14.95,13 days,Nepal
Draft,gc025,,greeting_cards_25,gc-025,,19.36,AUD,34,In Stock,8,greeting_cards,greeting-cards-25,High quality greeting cards,High quality greeting cards with multiple variants.,https://placehold.co/600x600?text=gc025+1 | https://placehold.co/600x600?text=gc025+2 | https://placehold.co/600x600?text=gc025+3 | https://placehold.co/600x600?text=gc025+4,Greeting_Cards Product,Buy premium greeting_cards online,greeting_cards,greeting_cards image,4.3,191,,12.38,30 day return,13 x 13 x 8 in,2.0 lb,Jamarko Retail Store B,Jamarko,- Material: metal - Dimensions: 7 x 11 x 8 in - Weight: 4.64 lb - High-quality greeting cards product,5.39,6 days,Nepal
Draft,gc025-white-geometric,gc025,greeting_cards_25,gc-025-white-geometric,color:white | pattern:geometric,21.93,AUD,15,In Stock,3,greeting_cards,greeting-cards-25-white-geometric,High quality greeting cards,High quality greeting cards with multiple variants.,https://placehold.co/600x600?text=gc025-white-geometric+1 | https://placehold.co/600x600?text=gc025-white-geometric+2,Greeting_Cards Product,Buy premium greeting_cards online,greeting_cards,greeting_cards image,4.7,158,,11.63,30 day return,10 x 11 x 4 in,2.07 lb,Jamarko Warehouse,Jamarko,- Material: leather - Dimensions: 6 x 14 x 5 in - Weight: 4.87 lb - Options: color:white | pattern:geometric - High-quality greeting cards product,5.39,6 days,Nepal
PreOrder,gc025-brown-striped,gc025,greeting_cards_25,gc-025-brown-striped,color:brown | pattern:striped,18.52,AUD,15,In Stock,4,greeting_cards,greeting-cards-25-brown-striped,High quality greeting cards,High quality greeting cards with multiple variants.,https://placehold.co/600x600?text=gc025-brown-striped+1 | https://placehold.co/600x600?text=gc025-brown-striped+2 | https://placehold.co/600x600?text=gc025-brown-striped+3 | https://placehold.co/600x600?text=gc025-brown-striped+4,Greeting_Cards Product,Buy premium greeting_cards online,greeting_cards,greeting_cards image,4.3,209,16.21,14.31,30 day return,12 x 9 x 9 in,6.38 lb,Jamarko Retail Store A,Jamarko,- Material: wood - Dimensions: 16 x 13 x 10 in - Weight: 5.62 lb - Options: color:brown | pattern:striped - High-quality greeting cards product,5.39,6 days,Nepal
Published,gc025-white-plain,gc025,greeting_cards_25,gc-025-white-plain,color:white | pattern:plain,23.09,AUD,4,In Stock,,greeting_cards,greeting-cards-25-white-plain,High quality greeting cards,High quality greeting cards with multiple variants.,https://placehold.co/600x600?text=gc025-white-plain+1 | https://placehold.co/600x600?text=gc025-white-plain+2 | https://placehold.co/600x600?text=gc025-white-plain+3,Greeting_Cards Product,Buy premium greeting_cards online,greeting_cards,greeting_cards image,4.2,53,,17.88,30 day return,14 x 13 x 9 in,13.11 lb,Jamarko Retail Store A,Jamarko,- Material: wood - Dimensions: 17 x 18 x 8 in - Weight: 1.67 lb - Options: color:white | pattern:plain - High-quality greeting cards product,5.39,6 days,Nepal
Published,nb026,,notebooks_26,nb-026,,19.71,EUR,20,In Stock,4,notebooks,notebooks-26,High quality notebooks,High quality notebooks with multiple variants.,https://placehold.co/600x600?text=nb026+1 | https://placehold.co/600x600?text=nb026+2 | https://placehold.co/600x600?text=nb026+3,Notebooks Product,Buy premium notebooks online,notebooks,notebooks image,4.3,227,,12.11,30 day return,10 x 11 x 3 in,6.46 lb,Jamarko Retail Store B,Jamarko,- Material: fabric - Dimensions: 19 x 15 x 3 in - Weight: 11.99 lb - High-quality notebooks product,3.51,5 days,Nepal
Draft,nb026-a5-green,nb026,notebooks_26,nb-026-a5-green,size:a5 | color:green,19.06,EUR,2,In Stock,1,notebooks,notebooks-26-a5-green,High quality notebooks,High quality notebooks with multiple variants.,https://placehold.co/600x600?text=nb026-a5-green+1 | https://placehold.co/600x600?text=nb026-a5-green+2 | https://placehold.co/600x600?text=nb026-a5-green+3,Notebooks Product,Buy premium notebooks online,notebooks,notebooks image,4.7,32,,11.12,30 day return,19 x 10 x 8 in,13.35 lb,Jamarko Retail Store B,Jamarko,- Material: paper - Dimensions: 20 x 8 x 1 in - Weight: 8.27 lb - Options: size:a5 | color:green - High-quality notebooks product,3.51,5 days,Nepal
Published,nb026-a5-white,nb026,notebooks_26,nb-026-a5-white,size:a5 | color:white,18.38,EUR,0,Preorder,,notebooks,notebooks-26-a5-white,High quality notebooks,High quality notebooks with multiple variants.,https://placehold.co/600x600?text=nb026-a5-white+1 | https://placehold.co/600x600?text=nb026-a5-white+2 | https://placehold.co/600x600?text=nb026-a5-white+3 | https://placehold.co/600x600?text=nb026-a5-white+4,Notebooks Product,Buy premium notebooks online,notebooks,notebooks image,4.7,255,,9.72,30 day return,19 x 18 x 7 in,1.88 lb,Jamarko Retail Store A,Jamarko,- Material: wood - Dimensions: 20 x 13 x 7 in - Weight: 14.27 lb - Options: size:a5 | color:white - High-quality notebooks product,3.51,5 days,Nepal
PreOrder,nb026-small-blue,nb026,notebooks_26,nb-026-small-blue,size:small | color:blue,23.36,EUR,18,In Stock,4,notebooks,notebooks-26-small-blue,High quality notebooks,High quality notebooks with multiple variants.,https://placehold.co/600x600?text=nb026-small-blue+1 | https://placehold.co/600x600?text=nb026-small-blue+2 | https://placehold.co/600x600?text=nb026-small-blue+3,Notebooks Product,Buy premium notebooks online,notebooks,notebooks image,4.3,15,,16.25,30 day return,13 x 18 x 5 in,2.92 lb,Jamarko Warehouse,Jamarko,- Material: wood - Dimensions: 9 x 15 x 4 in - Weight: 3.17 lb - Options: size:small | color:blue - High-quality notebooks product,3.51,5 days,Nepal
Draft,jb027,,jewelry_boxes_27,jb-027,,33.33,AUD,19,In Stock,6,jewelry_boxes,jewelry-boxes-27,High quality jewelry boxes,High quality jewelry boxes with multiple variants.,https://placehold.co/600x600?text=jb027+1 | https://placehold.co/600x600?text=jb027+2 | https://placehold.co/600x600?text=jb027+3 | https://placehold.co/600x600?text=jb027+4,Jewelry_Boxes Product,Buy premium jewelry_boxes online,jewelry_boxes,jewelry_boxes image,4.6,93,,25.2,30 day return,20 x 13 x 10 in,7.52 lb,Jamarko Warehouse,Jamarko,- Material: leather - Dimensions: 5 x 5 x 1 in - Weight: 6.78 lb - High-quality jewelry boxes product,10.99,5 days,Nepal
Draft,jb027-a5-paper,jb027,jewelry_boxes_27,jb-027-a5-paper,size:a5 | material:paper,35.3,AUD,0,Out of Stock,,jewelry_boxes,jewelry-boxes-27-a5-paper,High quality jewelry boxes,High quality jewelry boxes with multiple variants.,https://placehold.co/600x600?text=jb027-a5-paper+1 | https://placehold.co/600x600?text=jb027-a5-paper+2 | https://placehold.co/600x600?text=jb027-a5-paper+3,Jewelry_Boxes Product,Buy premium jewelry_boxes online,jewelry_boxes,jewelry_boxes image,4.4,103,,20.39,30 day return,18 x 19 x 7 in,1.78 lb,Jamarko Warehouse,Jamarko,- Material: fabric - Dimensions: 16 x 18 x 9 in - Weight: 10.72 lb - Options: size:a5 | material:paper - High-quality jewelry boxes product,10.99,5 days,Nepal
Archived,jb027-a4-leather,jb027,jewelry_boxes_27,jb-027-a4-leather,size:a4 | material:leather,32.09,AUD,15,In Stock,4,jewelry_boxes,jewelry-boxes-27-a4-leather,High quality jewelry boxes,High quality jewelry boxes with multiple variants.,https://placehold.co/600x600?text=jb027-a4-leather+1 | https://placehold.co/600x600?text=jb027-a4-leather+2 | https://placehold.co/600x600?text=jb027-a4-leather+3 | https://placehold.co/600x600?text=jb027-a4-leather+4,Jewelry_Boxes Product,Buy premium jewelry_boxes online,jewelry_boxes,jewelry_boxes image,4.7,14,29.6,17.45,30 day return,16 x 18 x 2 in,7.72 lb,Jamarko Warehouse,Jamarko,- Material: wood - Dimensions: 4 x 13 x 1 in - Weight: 9.62 lb - Options: size:a4 | material:leather - High-quality jewelry boxes product,10.99,5 days,Nepal
ComingSoon,jb027-a5-wood,jb027,jewelry_boxes_27,jb-027-a5-wood,size:a5 | material:wood,37.2,AUD,4,In Stock,1,jewelry_boxes,jewelry-boxes-27-a5-wood,High quality jewelry boxes,High quality jewelry boxes with multiple variants.,https://placehold.co/600x600?text=jb027-a5-wood+1 | https://placehold.co/600x600?text=jb027-a5-wood+2,Jewelry_Boxes Product,Buy premium jewelry_boxes online,jewelry_boxes,jewelry_boxes image,4.4,197,,29.46,30 day return,16 x 19 x 7 in,5.26 lb,Jamarko Retail Store A,Jamarko,- Material: metal - Dimensions: 20 x 19 x 4 in - Weight: 8.68 lb - Options: size:a5 | material:wood - High-quality jewelry boxes product,10.99,5 days,Nepal
Draft,nb028,,notebooks_28,nb-028,,5.73,EUR,41,In Stock,,notebooks,notebooks-28,High quality notebooks,High quality notebooks with multiple variants.,https://placehold.co/600x600?text=nb028+1 | https://placehold.co/600x600?text=nb028+2 | https://placehold.co/600x600?text=nb028+3,Notebooks Product,Buy premium notebooks online,notebooks,notebooks image,4.2,179,,3.06,30 day return,5 x 20 x 9 in,6.35 lb,Jamarko Retail Store A,Jamarko,- Material: wood - Dimensions: 10 x 11 x 9 in - Weight: 0.69 lb - High-quality notebooks product,14.51,4 days,Nepal
PreOrder,nb028-a5-black,nb028,notebooks_28,nb-028-a5-black,size:a5 | color:black,5.45,EUR,20,In Stock,,notebooks,notebooks-28-a5-black,High quality notebooks,High quality notebooks with multiple variants.,https://placehold.co/600x600?text=nb028-a5-black+1 | https://placehold.co/600x600?text=nb028-a5-black+2 | https://placehold.co/600x600?text=nb028-a5-black+3 | https://placehold.co/600x600?text=nb028-a5-black+4,Notebooks Product,Buy premium notebooks online,notebooks,notebooks image,4.4,192,,2.81,30 day return,14 x 8 x 2 in,0.79 lb,Jamarko Retail Store B,Jamarko,- Material: fabric - Dimensions: 14 x 8 x 6 in - Weight: 8.03 lb - Options: size:a5 | color:black - High-quality notebooks product,14.51,4 days,Nepal
PreOrder,nb028-a4-black,nb028,notebooks_28,nb-028-a4-black,size:a4 | color:black,5.94,EUR,18,In Stock,5,notebooks,notebooks-28-a4-black,High quality notebooks,High quality notebooks with multiple variants.,https://placehold.co/600x600?text=nb028-a4-black+1 | https://placehold.co/600x600?text=nb028-a4-black+2,Notebooks Product,Buy premium notebooks online,notebooks,notebooks image,4.4,17,5.2,3.51,30 day return,6 x 10 x 3 in,8.35 lb,Jamarko Retail Store A,Jamarko,- Material: paper - Dimensions: 7 x 20 x 4 in - Weight: 5.78 lb - Options: size:a4 | color:black - High-quality notebooks product,14.51,4 days,Nepal
PreOrder,nb028-a4-blue,nb028,notebooks_28,nb-028-a4-blue,size:a4 | color:blue,6.25,EUR,3,In Stock,1,notebooks,notebooks-28-a4-blue,High quality notebooks,High quality notebooks with multiple variants.,https://placehold.co/600x600?text=nb028-a4-blue+1 | https://placehold.co/600x600?text=nb028-a4-blue+2,Notebooks Product,Buy premium notebooks online,notebooks,notebooks image,4.6,216,5.17,3.27,30 day return,12 x 5 x 10 in,12.41 lb,Jamarko Retail Store A,Jamarko,- Material: leather - Dimensions: 5 x 6 x 8 in - Weight: 7.95 lb - Options: size:a4 | color:blue - High-quality notebooks product,14.51,4 days,Nepal
ComingSoon,nb029,,notebooks_29,nb-029,,26.16,AUD,0,Preorder,1,notebooks,notebooks-29,High quality notebooks,High quality notebooks with multiple variants.,https://placehold.co/600x600?text=nb029+1 | https://placehold.co/600x600?text=nb029+2 | https://placehold.co/600x600?text=nb029+3 | https://placehold.co/600x600?text=nb029+4,Notebooks Product,Buy premium notebooks online,notebooks,notebooks image,4.9,279,,18.59,30 day return,20 x 17 x 3 in,7.13 lb,Jamarko Warehouse,Jamarko,- Material: metal - Dimensions: 13 x 8 x 2 in - Weight: 2.47 lb - High-quality notebooks product,7.33,10 days,Nepal
ComingSoon,bx030,,boxes_30,bx-030,,11,EUR,34,In Stock,12,boxes,boxes-30,High quality boxes,High quality boxes with multiple variants.,https://placehold.co/600x600?text=bx030+1 | https://placehold.co/600x600?text=bx030+2 | https://placehold.co/600x600?text=bx030+3 | https://placehold.co/600x600?text=bx030+4,Boxes Product,Buy premium boxes online,boxes,boxes image,4.4,109,,6.1,30 day return,18 x 11 x 6 in,9.03 lb,Jamarko Retail Store B,Jamarko,- Material: metal - Dimensions: 15 x 16 x 5 in - Weight: 7.11 lb - High-quality boxes product,5.85,4 days,Nepal
ComingSoon,bx030-metal,bx030,boxes_30,bx-030-metal,material:metal,11.59,EUR,16,In Stock,5,boxes,boxes-30-metal,High quality boxes,High quality boxes with multiple variants.,https://placehold.co/600x600?text=bx030-metal+1 | https://placehold.co/600x600?text=bx030-metal+2 | https://placehold.co/600x600?text=bx030-metal+3,Boxes Product,Buy premium boxes online,boxes,boxes image,4.4,129,,6.19,30 day return,20 x 13 x 6 in,11.54 lb,Jamarko Warehouse,Jamarko,- Material: metal - Dimensions: 19 x 19 x 3 in - Weight: 7.75 lb - Options: material:metal - High-quality boxes product,5.85,4 days,Nepal
Unpublished,bx030-linen,bx030,boxes_30,bx-030-linen,material:linen,11.02,EUR,6,In Stock,1,boxes,boxes-30-linen,High quality boxes,High quality boxes with multiple variants.,https://placehold.co/600x600?text=bx030-linen+1 | https://placehold.co/600x600?text=bx030-linen+2,Boxes Product,Buy premium boxes online,boxes,boxes image,4.3,197,9.57,5.58,30 day return,19 x 9 x 9 in,2.48 lb,Jamarko Retail Store A,Jamarko,- Material: linen - Dimensions: 9 x 6 x 2 in - Weight: 8.36 lb - Options: material:linen - High-quality boxes product,5.85,4 days,Nepal
Draft,bx030-fabric,bx030,boxes_30,bx-030-fabric,material:fabric,11.05,EUR,12,In Stock,4,boxes,boxes-30-fabric,High quality boxes,High quality boxes with multiple variants.,https://placehold.co/600x600?text=bx030-fabric+1 | https://placehold.co/600x600?text=bx030-fabric+2 | https://placehold.co/600x600?text=bx030-fabric+3,Boxes Product,Buy premium boxes online,boxes,boxes image,4.6,38,,6.02,30 day return,3 x 13 x 5 in,3.68 lb,Jamarko Retail Store A,Jamarko,- Material: metal - Dimensions: 13 x 16 x 9 in - Weight: 5.63 lb - Options: material:fabric - High-quality boxes product,5.85,4 days,Nepal
Published,jb031,,jewelry_boxes_31,jb-031,,16.66,EUR,37,In Stock,10,jewelry_boxes,jewelry-boxes-31,High quality jewelry boxes,High quality jewelry boxes with multiple variants.,https://placehold.co/600x600?text=jb031+1 | https://placehold.co/600x600?text=jb031+2 | https://placehold.co/600x600?text=jb031+3,Jewelry_Boxes Product,Buy premium jewelry_boxes online,jewelry_boxes,jewelry_boxes image,4.3,258,,12.09,30 day return,14 x 6 x 10 in,11.56 lb,Jamarko Warehouse,Jamarko,- Material: linen - Dimensions: 14 x 17 x 3 in - Weight: 12.28 lb - High-quality jewelry boxes product,9.94,10 days,Nepal
PreOrder,jb031-large-paper,jb031,jewelry_boxes_31,jb-031-large-paper,size:large | material:paper,17.74,EUR,11,In Stock,4,jewelry_boxes,jewelry-boxes-31-large-paper,High quality jewelry boxes,High quality jewelry boxes with multiple variants.,https://placehold.co/600x600?text=jb031-large-paper+1 | https://placehold.co/600x600?text=jb031-large-paper+2 | https://placehold.co/600x600?text=jb031-large-paper+3 | https://placehold.co/600x600?text=jb031-large-paper+4,Jewelry_Boxes Product,Buy premium jewelry_boxes online,jewelry_boxes,jewelry_boxes image,4.8,287,,9.84,30 day return,11 x 10 x 8 in,3.05 lb,Jamarko Retail Store A,Jamarko,- Material: linen - Dimensions: 8 x 13 x 9 in - Weight: 9.28 lb - Options: size:large | material:paper - High-quality jewelry boxes product,9.94,10 days,Nepal
Archived,jb031-a5-paper,jb031,jewelry_boxes_31,jb-031-a5-paper,size:a5 | material:paper,15.32,EUR,18,In Stock,6,jewelry_boxes,jewelry-boxes-31-a5-paper,High quality jewelry boxes,High quality jewelry boxes with multiple variants.,https://placehold.co/600x600?text=jb031-a5-paper+1 | https://placehold.co/600x600?text=jb031-a5-paper+2,Jewelry_Boxes Product,Buy premium jewelry_boxes online,jewelry_boxes,jewelry_boxes image,4.5,114,12.84,9.37,30 day return,8 x 18 x 1 in,14.05 lb,Jamarko Warehouse,Jamarko,- Material: leather - Dimensions: 5 x 7 x 6 in - Weight: 2.82 lb - Options: size:a5 | material:paper - High-quality jewelry boxes product,9.94,10 days,Nepal
Draft,jb031-a4-metal,jb031,jewelry_boxes_31,jb-031-a4-metal,size:a4 | material:metal,19.9,EUR,8,In Stock,,jewelry_boxes,jewelry-boxes-31-a4-metal,High quality jewelry boxes,High quality jewelry boxes with multiple variants.,https://placehold.co/600x600?text=jb031-a4-metal+1 | https://placehold.co/600x600?text=jb031-a4-metal+2 | https://placehold.co/600x600?text=jb031-a4-metal+3 | https://placehold.co/600x600?text=jb031-a4-metal+4,Jewelry_Boxes Product,Buy premium jewelry_boxes online,jewelry_boxes,jewelry_boxes image,4.5,221,,12.58,30 day return,11 x 3 x 5 in,13.99 lb,Jamarko Retail Store A,Jamarko,- Material: fabric - Dimensions: 4 x 15 x 7 in - Weight: 12.12 lb - Options: size:a4 | material:metal - High-quality jewelry boxes product,9.94,10 days,Nepal
